Burgos;DPP
CAP;CAI
COBELSA;DPGP
COSMELOR;DLL
FAPAGAU;DLL
Florence ;DPGP
Franklin;DPGP
YASULOR;DPGP
Karlshuhe;DPGP
Egypte ;DPGP
LIBRAMONT;DPGP
NLR;DPGP
OMA;DPGP
Mexico ;DPGP
Midrand;DPGP
Migdal HA'EMEK;DPGP
Monaco;DLL
Montreal;DPGP
Ormes ;DPGP
Pakistan ;DPGP
PISCATAWAY;DLL
PUNE ;DPGP
Rambouillet ;DPGP
RIO;DPGP
Saint Quentin;DPGP
San Luis POTOSI;DPGP
Sao Paulo ;DPGP
SETTIMO;DPGP
SICOS;DLL
solon;DPP
Turquie ;DPGP
SUZHOU;DPGP
Pologne ;DPGP
Russie;DPGP
Yichang;DPGP
the body shop;TBS
Kenya;DPGP
Skinceuticals;CAI
Vogue;DPGP
